place_id,name,name_languages,address,primary_type,rating,review_count,photo_count,has_hours,has_summary,business_status,has_website,review_sample_langs,foreign_reviews_in_sample,maps_url
ChIJVze0S3DraDURTULdlBf7c5w,개미집 서면1번가직영점,ko,대한민국 부산광역시 부산진구 신천대로62번길 73,korean_restaurant,4.2,2631,10,Yes,No,OPERATIONAL,No,"ko,ko,ko,ko,ko",0,https://maps.google.com/?cid=11273630370938831437&g_mp=Cidnb29nbGUubWFwcy5wbGFjZXMudjEuUGxhY2VzLlNlYXJjaFRleHQQAhgEIAA
ChIJ2cgg9HHraDUR_k9Ndt5zjow,맛찬들왕소금구이 서면점,ko,대한민국 부산광역시 부산진구 중앙대로691번가길 24-3,korean_barbecue_restaurant,4.3,2118,10,Yes,No,OPERATIONAL,Yes,"ko,ko,ko,ko,ko",0,https://maps.google.com/?cid=10128160011307536382&g_mp=Cidnb29nbGUubWFwcy5wbGFjZXMudjEuUGxhY2VzLlNlYXJjaFRleHQQAhgEIAA
ChIJhZnYxW_raDURN7EqvDihReM,포항돼지국밥,ko,대한민국 부산광역시 부산진구 서면로68번길 27,korean_restaurant,4.1,2065,10,Yes,No,OPERATIONAL,No,"ko,ko,ko,ko,ko",0,https://maps.google.com/?cid=16376672885049831735&g_mp=Cidnb29nbGUubWFwcy5wbGFjZXMudjEuUGxhY2VzLlNlYXJjaFRleHQQAhgEIAA
ChIJdRr5sgrpaDURcE3j03Uc7Tw,개미집 본점,ko,대한민국 부산광역시 중구 중구로30번길 21-1,seafood_restaurant,3.7,1998,10,Yes,No,OPERATIONAL,No,"ko,ko,ko,ko,ko",0,https://maps.google.com/?cid=4390196504147742064&g_mp=Cidnb29nbGUubWFwcy5wbGFjZXMudjEuUGxhY2VzLlNlYXJjaFRleHQQAhgEIAA
ChIJK_tgjLDraDUR-wFvMQA1xrs,설야멱 부산서면 | Sulyamyeok Seomyeon | 雪夜覓,ko+en+zh,대한민국 부산광역시 부산진구 서전로 25 1층,korean_barbecue_restaurant,5,1729,10,Yes,No,OPERATIONAL,Yes,"ko,ko,ko,ko,ko",0,https://maps.google.com/?cid=13530560405426864635&g_mp=Cidnb29nbGUubWFwcy5wbGFjZXMudjEuUGxhY2VzLlNlYXJjaFRleHQQAhgEIAA
ChIJe1QMOBvraDUR9__2s01MxDE,신촌양푼이갈비찜 서면본점,ko,대한민국 부산광역시 부산진구 서전로10번길 27-2,korean_restaurant,4.8,1692,10,Yes,No,OPERATIONAL,Yes,"ko,ko,ko,ko,ko",0,https://maps.google.com/?cid=3586075099909259255&g_mp=Cidnb29nbGUubWFwcy5wbGFjZXMudjEuUGxhY2VzLlNlYXJjaFRleHQQAhgEIAA
ChIJn_dX_2_raDUREDWrUr2zPIw,고베규카츠 서면점 | Kobe Gyukatsu Seomyeon Busan Korean BBQ & Beef Cutlet Restaurant | 神户牛カツ 西面店 | 神戸牛カツ 西面店,ko+en+ja+zh,대한민국 부산광역시 부산진구 중앙대로680번가길 29 2 층,restaurant,4.9,1658,10,Yes,No,OPERATIONAL,Yes,"ko,ko,ko,ko,ko",0,https://maps.google.com/?cid=10105149289629693200&g_mp=Cidnb29nbGUubWFwcy5wbGFjZXMudjEuUGxhY2VzLlNlYXJjaFRleHQQAhgEIAA
ChIJfTNGNUPraDURbN4Jisz9jcI,연화덮밥,ko,대한민국 부산광역시 부산진구 중앙대로756번길 20 연화덮밥 (Second floor 2층,korean_restaurant,4.9,1284,10,Yes,No,OPERATIONAL,Yes,"ko,ko,ko,ko,ko",0,https://maps.google.com/?cid=14019140270005280364&g_mp=Cidnb29nbGUubWFwcy5wbGFjZXMudjEuUGxhY2VzLlNlYXJjaFRleHQQAhgEIAA
ChIJGZ5jbwDraDURfrZ9liruoJM,샤브남바완 서면직영점,ko,대한민국 부산광역시 부산진구 부전동 534-2,japanese_restaurant,5,1033,10,Yes,No,OPERATIONAL,Yes,"ko,ko,ko,ko,ko",0,https://maps.google.com/?cid=10637764186529969790&g_mp=Cidnb29nbGUubWFwcy5wbGFjZXMudjEuUGxhY2VzLlNlYXJjaFRleHQQAhgEIAA
ChIJNXFW4HDraDURnArjTr7sUlE,황제잠수함 전국본점,ko,대한민국 부산광역시 부산진구 서면로 16 1F,seafood_restaurant,3.6,1004,10,Yes,No,OPERATIONAL,No,"ko,ko,ko,ko,ko",0,https://maps.google.com/?cid=5860006367273880220&g_mp=Cidnb29nbGUubWFwcy5wbGFjZXMudjEuUGxhY2VzLlNlYXJjaFRleHQQAhgEIAA
ChIJIUFltm_raDURkyY6VN83K9M,삼오정,ko,대한민국 부산광역시 부산진구 서면로68번길 11,korean_restaurant,4.5,934,10,Yes,No,OPERATIONAL,Yes,"ko,ko,ko,ko,ko",0,https://maps.google.com/?cid=15216317198331684499&g_mp=Cidnb29nbGUubWFwcy5wbGFjZXMudjEuUGxhY2VzLlNlYXJjaFRleHQQAhgEIAA
ChIJv-BtUWXraDUR4VWJcrjJtGo,맥도날드 서면3호점,ko,대한민국 부산광역시 부산진구 중앙대로692번길 33 1F,fast_food_restaurant,4.1,909,10,Yes,Yes,OPERATIONAL,Yes,"ko,ko,ko,ko,ko",0,https://maps.google.com/?cid=7688992257861047777&g_mp=Cidnb29nbGUubWFwcy5wbGFjZXMudjEuUGxhY2VzLlNlYXJjaFRleHQQAhgEIAA
ChIJBQllCwDraDURrU-M6YcHqDY,돼지나무사랑걸렸네 부산서면본점,ko,대한민국 부산광역시 부산진구 중앙대로756번길 16,korean_barbecue_restaurant,5,682,10,Yes,No,OPERATIONAL,Yes,"ko,ko,ko,ko,ko",0,https://maps.google.com/?cid=3938406154455764909&g_mp=Cidnb29nbGUubWFwcy5wbGFjZXMudjEuUGxhY2VzLlNlYXJjaFRleHQQAhgEIAA
ChIJA7yI4HHraDURh3CsZijo5N4,제주가,ko,대한민국 부산광역시 부산진구 부전로66번길 36,seafood_restaurant,4,681,10,Yes,No,OPERATIONAL,Yes,"ko,ko,ko,ko,ko",0,https://maps.google.com/?cid=16061217431328944263&g_mp=Cidnb29nbGUubWFwcy5wbGFjZXMudjEuUGxhY2VzLlNlYXJjaFRleHQQAhgEIAA
ChIJ_XPxdgDraDURtTpdhgJ1vtw,안목 서면점,ko,대한민국 부산광역시 부산진구 서면로 10,korean_restaurant,4.9,662,10,Yes,No,OPERATIONAL,Yes,"ko,ko,ko,ko,ko",0,https://maps.google.com/?cid=15906279587623811765&g_mp=Cidnb29nbGUubWFwcy5wbGFjZXMudjEuUGxhY2VzLlNlYXJjaFRleHQQAhgEIAA
ChIJaf-UJQDraDUR5r8hlywUnAs,야키니쿠객 서면점(Yakinikugaek seomyeon),ko+en,대한민국 부산광역시 부산진구 서전로10번길 7,restaurant,5,639,10,Yes,No,OPERATIONAL,Yes,"ko,ko,ko,ko,ko",0,https://maps.google.com/?cid=836565812530757606&g_mp=Cidnb29nbGUubWFwcy5wbGFjZXMudjEuUGxhY2VzLlNlYXJjaFRleHQQAhgEIAA
ChIJEXjwpRbraDUR0myJOgfzBDo,태태태,ko,대한민국 부산광역시 부산진구 서전로10번길 22-9,restaurant,4.8,626,10,Yes,No,OPERATIONAL,Yes,"ko,ko,ko,ko,ko",0,https://maps.google.com/?cid=4180733566479068370&g_mp=Cidnb29nbGUubWFwcy5wbGFjZXMudjEuUGxhY2VzLlNlYXJjaFRleHQQAhgEIAA
ChIJM8UpKHDraDUROhf86jdD5vc,서면개금밀면,ko,대한민국 부산광역시 부산진구 서면로68번길 39,korean_restaurant,3.8,608,10,Yes,No,OPERATIONAL,No,"ko,ko,ko,ko,ko",0,https://maps.google.com/?cid=17863038879456302906&g_mp=Cidnb29nbGUubWFwcy5wbGFjZXMudjEuUGxhY2VzLlNlYXJjaFRleHQQAhgEIAA
ChIJ--n1GoHraDURSZnUKIhv8WU,서면밀면,ko,대한민국 부산광역시 부산진구 서전로 25,korean_restaurant,4.5,581,10,Yes,No,OPERATIONAL,No,"ko,ko,ko,ko,ko",0,https://maps.google.com/?cid=7345775097809246537&g_mp=Cidnb29nbGUubWFwcy5wbGFjZXMudjEuUGxhY2VzLlNlYXJjaFRleHQQAhgEIAA
ChIJaWeZlXHraDUR9jy_T7c5rAw,홍소족발 서면,ko,대한민국 부산광역시 부산진구 중앙대로691번길 44 1층,korean_restaurant,4,558,10,Yes,No,OPERATIONAL,Yes,"ko,ko,ko,ko,ko",0,https://maps.google.com/?cid=913168283929099510&g_mp=Cidnb29nbGUubWFwcy5wbGFjZXMudjEuUGxhY2VzLlNlYXJjaFRleHQQAhgEIAA
ChIJUZ1517_raDURlpatPADIzwo,푸주인 서면점,ko,대한민국 부산광역시 부산진구 부전동 가야대로784번길 46-11 1층,korean_barbecue_restaurant,4.9,504,10,Yes,No,OPERATIONAL,Yes,"ko,ko,ko,ko,ko",0,https://maps.google.com/?cid=779061163901949590&g_mp=Cidnb29nbGUubWFwcy5wbGFjZXMudjEuUGxhY2VzLlNlYXJjaFRleHQQAhgEIAA
ChIJ_TevHDPraDURoRXHRhWKNdo,무쇠화로Busan Korean BBQ Restaurant Musoe Hwaru Seomyeon food Beef | 韓國,ko+en+zh,대한민국 부산광역시 부산진구 동천로95번길 7,barbecue_restaurant,4.9,493,10,Yes,No,OPERATIONAL,No,"ko,ko,ko,ko,ko",0,https://maps.google.com/?cid=15723625498020353441&g_mp=Cidnb29nbGUubWFwcy5wbGFjZXMudjEuUGxhY2VzLlNlYXJjaFRleHQQAhgEIAA
ChIJhZMW0nDraDURZm2_dxvTWN0,와일드캣 브루잉,ko,대한민국 부산광역시 부산진구 신천대로62번길 2,bar,4.8,460,10,Yes,No,OPERATIONAL,Yes,"ko,ko,ko,ko,ko",0,https://maps.google.com/?cid=15949730195259223398&g_mp=Cidnb29nbGUubWFwcy5wbGFjZXMudjEuUGxhY2VzLlNlYXJjaFRleHQQAhgEIAA
ChIJoSXmhGXraDURi8arsAQhwdc,구워삶기 서면본점,ko,대한민국 부산광역시 부산진구 중앙대로680번가길 80,korean_restaurant,4.1,447,10,Yes,No,OPERATIONAL,No,"ko,ko,ko,ko,ko",0,https://maps.google.com/?cid=15546743692687296139&g_mp=Cidnb29nbGUubWFwcy5wbGFjZXMudjEuUGxhY2VzLlNlYXJjaFRleHQQAhgEIAA
ChIJ9_qfTx_raDURrGn-vJoQ2GQ,고짚 서면본점 Gozip Seomyeon (Straw-fired Korean BBQ),ko+en,대한민국 부산광역시 부산진구 부전로 64,barbecue_restaurant,4.8,440,10,Yes,No,OPERATIONAL,Yes,"ko,ko,ko,ko,ko",0,https://maps.google.com/?cid=7266576255544093100&g_mp=Cidnb29nbGUubWFwcy5wbGFjZXMudjEuUGxhY2VzLlNlYXJjaFRleHQQAhgEIAA
ChIJE4FdlmXraDURf16Mk73NgVg,고기굽는남자 서면점,ko,대한민국 부산광역시 부산진구 동천로95번길 13,korean_barbecue_restaurant,4.5,419,10,Yes,No,OPERATIONAL,Yes,"ko,ko,ko,ko,ko",0,https://maps.google.com/?cid=6377604761441295999&g_mp=Cidnb29nbGUubWFwcy5wbGFjZXMudjEuUGxhY2VzLlNlYXJjaFRleHQQAhgEIAA
ChIJ6xt2WgDraDURtqNHq5DxPrM,화락만리,ko,대한민국 부산광역시 부산진구 서면로 10 2층 203~206호,chinese_restaurant,4.9,394,10,Yes,No,OPERATIONAL,No,"ko,ko,ko,ko,ko",0,https://maps.google.com/?cid=12916026384996344758&g_mp=Cidnb29nbGUubWFwcy5wbGFjZXMudjEuUGxhY2VzLlNlYXJjaFRleHQQAhgEIAA
ChIJi7w7sBjraDURFhibA3Eq-9s,흑쇠 서면본점 | Busan Korean BBQ Restaurant Beef Seomyeon,ko+en,대한민국 부산광역시 부산진구 서전로10번길 32-1,restaurant,4.9,391,10,Yes,No,OPERATIONAL,Yes,"ko,ko,ko,ko,ko",0,https://maps.google.com/?cid=15851309978340759574&g_mp=Cidnb29nbGUubWFwcy5wbGFjZXMudjEuUGxhY2VzLlNlYXJjaFRleHQQAhgEIAA
ChIJFVCjCmXraDURkXirNpRFSoQ,우정돌솥비빔밥 서면점,ko,대한민국 부산광역시 부산진구 동천로85번길 3,korean_restaurant,4.4,386,10,Yes,No,OPERATIONAL,Yes,"ko,ko,ko,ko,ko",0,https://maps.google.com/?cid=9532508064157759633&g_mp=Cidnb29nbGUubWFwcy5wbGFjZXMudjEuUGxhY2VzLlNlYXJjaFRleHQQAhgEIAA
ChIJy3rW6mTraDURIvZ6J1BoGAU,금성회관 부산서면점 | Seomyeon Korean BBQ Restaurant | 焼肉店 | 西面美食,ko+en+zh,대한민국 부산광역시 부산진구 동천로95번길 9,korean_barbecue_restaurant,5,337,10,Yes,No,OPERATIONAL,Yes,"ko,ko,ko,ko,ko",0,https://maps.google.com/?cid=367158063099737634&g_mp=Cidnb29nbGUubWFwcy5wbGFjZXMudjEuUGxhY2VzLlNlYXJjaFRleHQQAhgEIAA
ChIJm01uigrraDURfArHm3qjKUc,부산 서면 닭갈비 맛집 | 장인닭갈비 서면점 | Busan Seomyeon JangIn Dakgalbi Restaurants | 職人チキンリブ釜山西面店 | 釜山手工烤鸡排,ko+en+ja+zh,대한민국 부산광역시 부산진구 부전동 중앙대로692번길 46 1층,chicken_restaurant,4.9,337,10,Yes,No,OPERATIONAL,Yes,"ko,ko,ko,ko,ko",0,https://maps.google.com/?cid=5127809397732870780&g_mp=Cidnb29nbGUubWFwcy5wbGFjZXMudjEuUGxhY2VzLlNlYXJjaFRleHQQAhgEIAA
ChIJVVAiUHPraDURhusV8dq1tCU,EU 피자&파스타 서면 본점,ko,대한민국 부산광역시 부산진구 중앙대로680번길 29,pizza_restaurant,4.4,313,10,Yes,No,OPERATIONAL,Yes,"ko,ko,ko,ko,ko",0,https://maps.google.com/?cid=2716996427163495302&g_mp=Cidnb29nbGUubWFwcy5wbGFjZXMudjEuUGxhY2VzLlNlYXJjaFRleHQQAhgEIAA
ChIJ1RTYAcTraDURVHZlQEuYii4,버거스 올마이티 서면점,ko,대한민국 부산광역시 부산진구 서면로68번길 16,hamburger_restaurant,4.4,289,10,Yes,No,OPERATIONAL,Yes,"ko,ko,ko,ko,ko",0,https://maps.google.com/?cid=3353660321501115988&g_mp=Cidnb29nbGUubWFwcy5wbGFjZXMudjEuUGxhY2VzLlNlYXJjaFRleHQQAhgEIAA
ChIJK42C1S7raDURzi6Nu1aMMnQ,회전초밥 스시로 부산서면점,ko,대한민국 부산광역시 부산진구 중앙대로 672 삼정타워 6F,sushi_restaurant,3.6,279,10,Yes,No,OPERATIONAL,Yes,"ko,ko,ko,ko,ko",0,https://maps.google.com/?cid=8372908961376841422&g_mp=Cidnb29nbGUubWFwcy5wbGFjZXMudjEuUGxhY2VzLlNlYXJjaFRleHQQAhgEIAA
ChIJTzJXtG_raDURE46-b4Cte90,가야밀면 서면점,ko,대한민국 부산광역시 부산진구 서면로68번길 5,korean_restaurant,3.8,277,10,Yes,No,OPERATIONAL,No,"ko,ko,ko,ko,ko",0,https://maps.google.com/?cid=15959540471659662867&g_mp=Cidnb29nbGUubWFwcy5wbGFjZXMudjEuUGxhY2VzLlNlYXJjaFRleHQQAhgEIAA
ChIJ3wTeYZrraDURozDZg_Op_pI,청기와타운 서면점,ko,대한민국 부산광역시 부산진구 중앙대로691번길 46,korean_barbecue_restaurant,4.9,264,10,Yes,No,OPERATIONAL,Yes,"ko,ko,ko,ko,ko",0,https://maps.google.com/?cid=10592090236976181411&g_mp=Cidnb29nbGUubWFwcy5wbGFjZXMudjEuUGxhY2VzLlNlYXJjaFRleHQQAhgEIAA
ChIJVdv5pHnraDURjuIzUTfuvxw,버거킹 부산서면일번가점,ko,대한민국 부산광역시 부산진구 서면로 48 현경메디컬빌딩 1F,fast_food_restaurant,4.2,159,10,Yes,Yes,OPERATIONAL,Yes,"ko,ko,ko,ko,ko",0,https://maps.google.com/?cid=2071636274966684302&g_mp=Cidnb29nbGUubWFwcy5wbGFjZXMudjEuUGxhY2VzLlNlYXJjaFRleHQQAhgEIAA
ChIJO1BuRQPraDURTcFUSpfh-4w,소장각 서면본점,ko,대한민국 부산광역시 부산진구 동천로95번길 4-1,korean_restaurant,4.8,155,10,Yes,No,OPERATIONAL,Yes,"ko,ko,ko,ko,ko",0,https://maps.google.com/?cid=10158961424367665485&g_mp=Cidnb29nbGUubWFwcy5wbGFjZXMudjEuUGxhY2VzLlNlYXJjaFRleHQQAhgEIAA
ChIJafp83IrraDURRPg783aE3-o,솔솥 서면점,ko,대한민국 부산광역시 부산진구 동천로 51-1,korean_restaurant,4.2,151,10,Yes,No,OPERATIONAL,No,"ko,ko,ko,ko,ko",0,https://maps.google.com/?cid=16924391571103414340&g_mp=Cidnb29nbGUubWFwcy5wbGFjZXMudjEuUGxhY2VzLlNlYXJjaFRleHQQAhgEIAA
ChIJJ5O8SBbraDURhA5Zf7cSm8g,서면 곱,ko,대한민국 부산광역시 부산진구 가야대로784번길 7 1층,restaurant,4.8,148,10,Yes,No,OPERATIONAL,Yes,"ko,ko,ko,ko,ko",0,https://maps.google.com/?cid=14455168008300596868&g_mp=Cidnb29nbGUubWFwcy5wbGFjZXMudjEuUGxhY2VzLlNlYXJjaFRleHQQAhgEIAA
ChIJHx56XKrraDURz-wMAU5x964,서면소갈비살 본점 | Busan Sogalbisal Seomyeon,ko+en,대한민국 부산광역시 부산진구 부전동 동천로 91-8 1층,korean_restaurant,5,141,10,Yes,No,OPERATIONAL,No,"ko,ko,ko,ko,ko",0,https://maps.google.com/?cid=12607670261686004943&g_mp=Cidnb29nbGUubWFwcy5wbGFjZXMudjEuUGxhY2VzLlNlYXJjaFRleHQQAhgEIAA
ChIJ2XriRDXraDURsL1RW87hn54,장덕풍천장어 서면직영점 Seomyeon Restaurant 서면 맛집 西面美食 西面グルメ,ko+en+ja+zh,대한민국 부산광역시 부산진구 서면로 31 장덕장어 서면직영점 1층,japanese_restaurant,4.7,134,10,Yes,No,OPERATIONAL,Yes,"ko,ko,ko,ko,ko",0,https://maps.google.com/?cid=11430102655701204400&g_mp=Cidnb29nbGUubWFwcy5wbGFjZXMudjEuUGxhY2VzLlNlYXJjaFRleHQQAhgEIAA
ChIJkZyB_2_raDURwfBUgKCYvI0,맘스터치 부산서면점,ko,대한민국 부산광역시 부산진구 중앙대로692번길 25 2F,fast_food_restaurant,4,131,10,Yes,No,OPERATIONAL,No,"ko,ko,ko,ko,ko",0,https://maps.google.com/?cid=10213205870084681921&g_mp=Cidnb29nbGUubWFwcy5wbGFjZXMudjEuUGxhY2VzLlNlYXJjaFRleHQQAhgEIAA
ChIJDateVXDraDURdIHRcWvaLKU,어쭈 서면본점,ko,대한민국 부산광역시 부산진구 서면로 26,seafood_restaurant,3.9,131,10,Yes,No,OPERATIONAL,Yes,"ko,ko,ko,ko,ko",0,https://maps.google.com/?cid=11902128070239289716&g_mp=Cidnb29nbGUubWFwcy5wbGFjZXMudjEuUGxhY2VzLlNlYXJjaFRleHQQAhgEIAA
ChIJVVeSMznraDURsksiblbxF7A,"조개공장 서면점ㅣBusan Seomyeon Seafood & Beef Food Korean BBQ Best Restaurants (烤海鲜, 海鮮焼き)",ko+en+ja+zh,대한민국 부산광역시 부산진구 서전로10번길 36 2층,restaurant,4.9,117,10,Yes,No,OPERATIONAL,Yes,"ko,ko,ko,ko,ko",0,https://maps.google.com/?cid=12688875828656884658&g_mp=Cidnb29nbGUubWFwcy5wbGFjZXMudjEuUGxhY2VzLlNlYXJjaFRleHQQAhgEIAA
ChIJmxqzZgDraDURf4JeBXiu4Vo,No9hanwoo 9号韩牛 넘버나인한우 서면점,ko+en+zh,대한민국 부산광역시 부산진구 서전로 11,korean_restaurant,4.9,98,10,Yes,No,OPERATIONAL,No,"ko,ko,ko,ko,ko",0,https://maps.google.com/?cid=6548707163682800255&g_mp=Cidnb29nbGUubWFwcy5wbGFjZXMudjEuUGxhY2VzLlNlYXJjaFRleHQQAhgEIAA
ChIJf-0jzNfraDURoxRXwwahOcM,제주옥탑 서면점,ko,대한민국 부산광역시 부산진구 서전로10번길 43,korean_barbecue_restaurant,4.3,85,10,Yes,No,OPERATIONAL,Yes,"ko,ko,ko,ko,ko",0,https://maps.google.com/?cid=14067451961487594659&g_mp=Cidnb29nbGUubWFwcy5wbGFjZXMudjEuUGxhY2VzLlNlYXJjaFRleHQQAhgEIAA
ChIJoUZf81XraDURf7KVyup_Lo8,샐러드바스켓 서면,ko,대한민국 부산광역시 부산진구 서면로 55 샐러드바스켓 2F,food_store,4.7,73,10,Yes,No,OPERATIONAL,Yes,"ko,ko,ko,ko,ko",0,https://maps.google.com/?cid=10317324442750268031&g_mp=Cidnb29nbGUubWFwcy5wbGFjZXMudjEuUGxhY2VzLlNlYXJjaFRleHQQAhgEIAA
ChIJVdj92pjraDURwjRzdGPgSX0,돌판화주 부산서면본점,ko,대한민국 부산광역시 부산진구 중앙대로680번가길 59 1층,restaurant,5,72,10,Yes,No,OPERATIONAL,Yes,"ko,ko,ko,ko,ko",0,https://maps.google.com/?cid=9027993645800961218&g_mp=Cidnb29nbGUubWFwcy5wbGFjZXMudjEuUGxhY2VzLlNlYXJjaFRleHQQAhgEIAA
ChIJ3Z9FO07raDURZ2fYZiBorRU,도담갈비선생 서면점 DODAM Galbi seomyeon,ko+en,대한민국 부산광역시 부산진구 중앙대로692번길 46-7 도담갈비선생 1층,korean_restaurant,4.9,54,10,Yes,No,OPERATIONAL,No,"ko,ko,ko,ko,ko",0,https://maps.google.com/?cid=1562019134141130599&g_mp=Cidnb29nbGUubWFwcy5wbGFjZXMudjEuUGxhY2VzLlNlYXJjaFRleHQQAhgEIAA
ChIJ4yO5EgDraDURnzhJtzgIRR4,쭈꾸미가 알고싶다 부산서면점,ko,대한민국 부산광역시 부산진구 부전제1동 469-4 쭈꾸미가알고싶다 서면점 1층,korean_restaurant,5,50,10,Yes,No,OPERATIONAL,Yes,"ko,ko,ko,ko,ko",0,https://maps.google.com/?cid=2181158634217093279&g_mp=Cidnb29nbGUubWFwcy5wbGFjZXMudjEuUGxhY2VzLlNlYXJjaFRleHQQAhgEIAA
ChIJAVIQvPrraDURLZIlYvxTtbk,공인주,ko,대한민국 부산광역시 중앙대로680번가길 80 KR 부산광역시 부산진구 부전2동 1층,korean_barbecue_restaurant,4.8,45,10,Yes,No,OPERATIONAL,Yes,"ko,ko,ko,ko,ko",0,https://maps.google.com/?cid=13381694211244790317&g_mp=Cidnb29nbGUubWFwcy5wbGFjZXMudjEuUGxhY2VzLlNlYXJjaFRleHQQAhgEIAA
ChIJ__T9QJLraDURbnEqzN2Z1-0,불로장생 서면 bulrojangsaeng korean BBQ 韩国酒吧打卡,ko+en+zh,대한민국 부산광역시 부산진구 동천로85번길 28 1층,restaurant,4.8,44,10,Yes,No,OPERATIONAL,Yes,"ko,ko,ko,ko,ko",0,https://maps.google.com/?cid=17138336084873867630&g_mp=Cidnb29nbGUubWFwcy5wbGFjZXMudjEuUGxhY2VzLlNlYXJjaFRleHQQAhgEIAA
ChIJ84-LmUvraDUR8MjK7CtUdkQ,다다믄충무김밥 서면본점,ko,대한민국 부산광역시 부산진구 서면로 48-1,korean_restaurant,4.1,44,10,Yes,No,OPERATIONAL,No,"ko,ko,ko,zh-Hant,zh-Hant",2,https://maps.google.com/?cid=4933222989463996656&g_mp=Cidnb29nbGUubWFwcy5wbGFjZXMudjEuUGxhY2VzLlNlYXJjaFRleHQQAhgEIAA
ChIJG8PugyfraDUR81S8dI0fWNg,후라토식당 서면점,ko,대한민국 부산광역시 부산진구 서면로 65-4,japanese_restaurant,4.4,35,10,Yes,No,OPERATIONAL,No,"ko,ko,ko,ko,ko",0,https://maps.google.com/?cid=15589244802552321267&g_mp=Cidnb29nbGUubWFwcy5wbGFjZXMudjEuUGxhY2VzLlNlYXJjaFRleHQQAhgEIAA
ChIJv2wm9YXraDUReqmgUpwDP9w,프랭크버거 부산서면점,ko,대한민국 부산광역시 부산진구 중앙대로680번길 22,hamburger_restaurant,4.2,29,10,Yes,No,OPERATIONAL,Yes,"ko,ko,ko,ko,ko",0,https://maps.google.com/?cid=15870407581812959610&g_mp=Cidnb29nbGUubWFwcy5wbGFjZXMudjEuUGxhY2VzLlNlYXJjaFRleHQQAhgEIAA
ChIJa38nQ9XraDURaKiZBRmyaro,서면먹자골목,ko,대한민국 부산광역시 부산진구 부전제2동,tourist_attraction,4.1,28,10,No,No,OPERATIONAL,No,"ko,ko,ko,ko,en",1,https://maps.google.com/?cid=13432744659123808360&g_mp=Cidnb29nbGUubWFwcy5wbGFjZXMudjEuUGxhY2VzLlNlYXJjaFRleHQQAhgEIAA
ChIJr140uPTraDURRqpsTvSzXzc,서면 맛집 갓잇 서면점 타코 멕시칸 음식점 GOD EAT Seomyeon | Taco Restaurant GOD EAT Seomyeon Branch | グルメ | 餐廳,ko+en+ja+zh,"대한민국 부산광역시 부산진구 전포대로209번길 22 1층, 2층",mexican_restaurant,4.2,27,10,Yes,No,OPERATIONAL,No,"ko,ko,ko,ko,ko",0,https://maps.google.com/?cid=3990105656742685254&g_mp=Cidnb29nbGUubWFwcy5wbGFjZXMudjEuUGxhY2VzLlNlYXJjaFRleHQQAhgEIAA
ChIJcXV2Fm7raDUR1Mq1S72fZV0,탄탄면공방 부산롯데서면점,ko,대한민국 부산광역시 부산진구,ramen_restaurant,4.4,27,10,Yes,No,OPERATIONAL,Yes,"ko,ko,ko,ko,ko",0,https://maps.google.com/?cid=6729960853542914772&g_mp=Cidnb29nbGUubWFwcy5wbGFjZXMudjEuUGxhY2VzLlNlYXJjaFRleHQQAhgEIAA
ChIJK-_KFDTraDURFeDIHu0pQ3I,조개대교 전포점,ko,"대한민국 부산광역시 부산진구 전포대로210번길 ６ 2,3F",seafood_restaurant,4.9,26,10,Yes,No,OPERATIONAL,No,"ko,ko,ko,ko,ko",0,https://maps.google.com/?cid=8233470642163867669&g_mp=Cidnb29nbGUubWFwcy5wbGFjZXMudjEuUGxhY2VzLlNlYXJjaFRleHQQAhgEIAA
ChIJNxNUXcrpaDURBAKIEupnuvw,서면소갈비살 남포점 | Busan Seomyeon Sogalbisal Nampodong International market,ko+en,대한민국 부산광역시 중구 중구로23번길 29,restaurant,5,17,10,Yes,No,OPERATIONAL,No,"ko,ko,ko,en,en",2,https://maps.google.com/?cid=18210982298256933380&g_mp=Cidnb29nbGUubWFwcy5wbGFjZXMudjEuUGxhY2VzLlNlYXJjaFRleHQQAhgEIAA
ChIJh_RQUgDraDURHCGjY5W0DnE,서울깍두기 서면본점,ko,대한민국 부산광역시 부산진구 서면로68번길 29,korean_restaurant,4.1,14,10,No,No,OPERATIONAL,Yes,"ko,ko,ko,ko,ko",0,https://maps.google.com/?cid=8146647329674567964&g_mp=Cidnb29nbGUubWFwcy5wbGFjZXMudjEuUGxhY2VzLlNlYXJjaFRleHQQAhgEIAA
ChIJgSYnAwDraDURo-HzphAzQ6Y,올바로갈비 서면점,ko,대한민국 부산광역시 부산진구 부전동 168-6,korean_barbecue_restaurant,5,6,10,Yes,No,OPERATIONAL,No,"ko,ko,ko,ko,ko",0,https://maps.google.com/?cid=11980475580349145507&g_mp=Cidnb29nbGUubWFwcy5wbGFjZXMudjEuUGxhY2VzLlNlYXJjaFRleHQQAhgEIAA
ChIJseYWGk3raDURcrecK7JBOHs,이낙에산다 서면점 | Inake Sanda Seomyeon | イナゲサンダ 西面店,ko+en+ja+zh,대한민국 부산광역시 부산진구 가야대로784번길 21,korean_restaurant,5,4,10,Yes,No,OPERATIONAL,Yes,"ko,ko,en,en",2,https://maps.google.com/?cid=8878918898852607858&g_mp=Cidnb29nbGUubWFwcy5wbGFjZXMudjEuUGxhY2VzLlNlYXJjaFRleHQQAhgEIAA
ChIJIy9vcQDraDURaYpjOLbpUsM,서면고기집 돈마초 | Don Macho Korean BBQ restaurant – Seomyeon | 西面 Don Macho 韩式烤肉店 | 西面 Don Macho 韓国焼肉店,ko+en+zh,대한민국 부산광역시 부산진구 부전동 168-63,korean_restaurant,5,3,10,Yes,No,OPERATIONAL,Yes,"ko,zh-Hant,unknown",2,https://maps.google.com/?cid=14074568754325588585&g_mp=Cidnb29nbGUubWFwcy5wbGFjZXMudjEuUGxhY2VzLlNlYXJjaFRleHQQAhgEIAA
